{
    "F3 S120": [
        [
            48.7,
            55.7,
            2684.0
        ],
        [
            40.1,
            57.599999999999994,
            1918.0
        ]
    ],
    "莫比乌斯": [
        [
            42.7,
            56.3,
            2352.0
        ],
        [
            39.9,
            57.199999999999996,
            2078.0
        ]
    ],
    "FD12V2": [
        [
            44.1,
            55.89999999999999,
            2502.0
        ],
        [
            39.9,
            57.0,
            2101.0
        ]
    ],
    "P2Pro": [
        [
            47.5,
            55.2,
            2595.0
        ],
        [
            40.1,
            57.0,
            1944.0
        ]
    ],
    "P28": [
        [
            47.4,
            55.400000000000006,
            2600.0
        ],
        [
            40.0,
            57.300000000000004,
            1920.0
        ]
    ],
    "鸿华12025": [
        [
            43.4,
            56.0,
            2272.0
        ],
        [
            39.9,
            56.89999999999999,
            1967.0
        ]
    ],
    "FK12V2": [
        [
            45.4,
            55.5,
            2711.0
        ],
        [
            40.1,
            56.89999999999999,
            2167.0
        ]
    ],
    "SC12": [
        [
            45.5,
            56.0,
            1983.0
        ],
        [
            40.0,
            57.49999999999999,
            1609.0
        ]
    ],
    "AT120K": [
        [
            50.7,
            55.599999999999994,
            3053.0
        ],
        [
            45.0,
            56.89999999999999,
            2404.0
        ],
        [
            40.0,
            58.3,
            1938.0
        ]
    ],
    "MACH120": [
        [
            53.9,
            54.099999999999994,
            3057.0
        ],
        [
            45.0,
            56.300000000000004,
            2181.0
        ],
        [
            40.0,
            57.49999999999999,
            1786.0
        ]
    ],
    "F9 R120": [
        [
            56.3,
            53.7,
            3000.0
        ],
        [
            45.0,
            56.4,
            1956.0
        ],
        [
            40.1,
            57.800000000000004,
            1576.0
        ]
    ],
    "T30": [
        [
            53.5,
            54.300000000000004,
            2985.0
        ],
        [
            45.0,
            56.199999999999996,
            2181.0
        ],
        [
            40.0,
            57.49999999999999,
            1770.0
        ]
    ],
    "9RA12025": [
        [
            56.7,
            53.599999999999994,
            4095.0
        ],
        [
            44.9,
            56.3,
            2520.0
        ],
        [
            40.0,
            57.400000000000006,
            2092.0
        ]
    ],
    "LP12E": [
        [
            53.7,
            54.1,
            3015.0
        ],
        [
            45.0,
            56.2,
            2167.0
        ],
        [
            40.0,
            57.599999999999994,
            1750.0
        ]
    ]
}