{
    "F3 S120": [
        [
            48.7,
            55.7,
            2684.0
        ],
        [
            40.1,
            57.599999999999994,
            1918.0
        ]
    ],
    "莫比乌斯": [
        [
            42.7,
            56.3,
            2352.0
        ],
        [
            39.9,
            57.199999999999996,
            2078.0
        ]
    ],
    "FD12V2": [
        [
            44.1,
            55.89999999999999,
            2502.0
        ],
        [
            39.9,
            57.0,
            2101.0
        ]
    ],
    "P2Pro": [
        [
            47.5,
            55.2,
            2595.0
        ],
        [
            40.1,
            57.0,
            1944.0
        ]
    ],
    "P28": [
        [
            47.4,
            55.400000000000006,
            2600.0
        ],
        [
            40.0,
            57.300000000000004,
            1920.0
        ]
    ]
}