{
    "中扇偏移-6%": [
        [
            45.4,
            54.7,
            2363.0
        ],
        [
            40.1,
            55.9,
            1889.0
        ]
    ],
    "前扇偏移-6%": [
        [
            45.7,
            54.599999999999994,
            2285.0
        ],
        [
            40.2,
            56.099999999999994,
            1811.0
        ]
    ]
}